{"cameraMode":{"drawMode":0,"name":"Shaded","section":"Shading Mode"},"sceneLighting":false,"audioPlay":false,"sceneViewState":{"m_AlwaysRefresh":false,"showFog":true,"showSkybox":false,"showFlares":true,"showImageEffects":true,"showParticleSystems":true,"showVisualEffectGraphs":true,"m_FxEnabled":true},"in2DMode":false,"pivot":{"x":14.419448852539063,"y":1.9664958715438843,"z":-1.1920928955078126e-7},"rotation":{"x":0.023564105853438379,"y":0.971340000629425,"z":-0.20988872647285462,"w":0.10905145853757858},"size":3.505737066268921,"orthographic":false}